-- ============================================================
-- Data exported from SQLite: 2026-06-16T19:11:27.443Z
-- Import AFTER schema.sql tables are created
-- ============================================================

SET FOREIGN_KEY_CHECKS = 0;

-- employees (1 rows)
INSERT INTO `employees` (`id`, `name`, `role`, `initials`, `pin_hash`, `active`, `created_at`) VALUES
  (1, 'Admin', 'admin', 'AD', '9af15b336e6a9619928537df30b2e6a2376569fcf9d7e773eccede65606529a0', 1, '2026-06-03 12:02:44');

-- device_tokens (14 rows)
INSERT INTO `device_tokens` (`token`, `employee_id`, `created_at`) VALUES
  ('5e0ad0a66ecc896acd8d8d9dc0fad70b8e656ed8ee08ddec1e3bad5f30b4d199', 1, '2026-06-03 12:02:54'),
  ('c574d8b69a13d8553e3a8862b234c4c2a6fd3a272a0cdd76fadecde33e1c30aa', 1, '2026-06-07 10:08:38'),
  ('b0fe2ca8b24a31c4a280b81fb54312652e77c0f86c467b73352ee8331d76e549', 1, '2026-06-07 10:08:46'),
  ('6643c5d570bab93be04bda32ae955e13fb11c39ca7e000b3ec51b72bf277c056', 1, '2026-06-07 10:12:08'),
  ('8756236d4bcea97faf65c99155d8eaa9816f8153c183b2f314d22f8a6f66539b', 1, '2026-06-07 10:24:18'),
  ('e105d3a172f5fc9b2a3de1e322c3ddf36307cc0537bd339dc27d57e21044e5b8', 1, '2026-06-07 12:28:34'),
  ('2e1f126e5a67aabfa4eddeb7286ab92b5843ef6ca8acb222e66b737f687f5d8d', 1, '2026-06-07 13:33:28'),
  ('b5e66e3cce37989729e3000573f7d0867e2a6780a6e02ceff6ff35434ce93cf9', 1, '2026-06-07 13:34:28'),
  ('07e72a7eac6c32283431a2e106e82aeecc587ea5cde6b6550e8ee611dc8d3062', 1, '2026-06-12 12:16:48'),
  ('5ef0fddb13dfa492d94c71586c091c507649116e25c50cc866d4620fa5ec4f89', 1, '2026-06-12 12:17:02'),
  ('cec26226958802ec73a5a67b511b18f88301f0be501a1c8f3af79c633948c5bc', 1, '2026-06-12 12:17:40'),
  ('ee6102393fb6e3144b40339868c0b16025d79c1db87312296a878bcf71450504', 1, '2026-06-12 12:17:55'),
  ('98f5ea14d8b710b5526e20d5f3fba42f148f589568f53f16d2f23c9521c7ec60', 1, '2026-06-12 12:18:12'),
  ('0d3a2a247d7f59b4fafa775ef102d5804497427da70f3f06e4e8c763c96d8d10', 1, '2026-06-16 10:28:34');

-- customers (1 rows)
INSERT INTO `customers` (`id`, `name`, `address`, `city`, `postal_code`, `phone`, `email`, `created_at`) VALUES
  (1, 'John Doe', NULL, NULL, NULL, '555-0101', 'john@example.com', '2026-06-03 12:02:44');

-- boats (1 rows)
INSERT INTO `boats` (`id`, `customer_id`, `name`, `motor_type`, `serial_no`, `model`, `licence`, `rate_type`, `length_ft`, `trailer_licence`) VALUES
  (1, 1, 'Sea Breeze', 'Yamaha 200', NULL, 'Sea Ray 240', '765', 'SW', 24, '567');

-- service_cards (5 rows)
INSERT INTO `service_cards` (`id`, `work_order_no`, `boat_id`, `season_year`, `status`, `storage_type`, `storage_location`, `wrap_required`, `wrap_done`, `remarks`, `other_work`, `date_in`, `date_out`, `invoice_number`, `created_by`, `created_at`, `updated_at`, `invoice_status`, `tax_rate`, `unwrap_done`, `storage_building`, `storage_row`, `storage_col`, `boathouse_no`, `slip_no`, `pickup_delivery`, `customer_token`) VALUES
  (1, 'WO-1000', 1, 2026, 'storage', NULL, NULL, 0, 0, NULL, NULL, NULL, NULL, NULL, NULL, '2026-06-03 12:02:44', '2026-06-16 18:54:34', 'draft', 13, 0, NULL, NULL, NULL, NULL, NULL, NULL, 'x9un5UdG'),
  (2, 'WO-1001', 1, 2026, 'service', NULL, NULL, 0, 0, NULL, NULL, '2026-06-12', NULL, NULL, 1, '2026-06-12 12:17:40', '2026-06-16 10:30:52', 'draft', 13, 0, NULL, NULL, NULL, NULL, NULL, NULL, 'AVJs2AKq'),
  (3, 'WO-1002', 1, 2026, 'storage', NULL, NULL, 0, 0, NULL, NULL, '2026-06-12', NULL, NULL, 1, '2026-06-12 12:17:55', '2026-06-16 18:57:47', 'draft', 13, 0, NULL, NULL, NULL, NULL, NULL, 'pickup', 'e8UtxCTU'),
  (4, 'WO-1003', 1, 2026, 'intake', NULL, NULL, 0, 0, NULL, NULL, '2026-06-16', NULL, NULL, 1, '2026-06-16 10:36:13', '2026-06-16 10:36:13', 'draft', 13, 0, NULL, NULL, NULL, NULL, NULL, NULL, 'mdEVDMX5'),
  (5, 'WO-1004', 1, 2026, 'intake', 'indoor_rack', NULL, 0, 0, NULL, NULL, '2026-06-16', NULL, NULL, 1, '2026-06-16 10:36:23', '2026-06-16 10:36:23', 'draft', 13, 0, NULL, NULL, NULL, NULL, NULL, NULL, 'SHAXfgF9');

-- received_items (41 rows)
INSERT INTO `received_items` (`id`, `card_id`, `item`, `present`, `notes`) VALUES
  (1, 1, 'cover', 1, NULL),
  (2, 1, 'life_jackets', 1, NULL),
  (3, 1, 'tie_ropes', 1, NULL),
  (4, 1, 'keys', 1, NULL),
  (5, 2, 'battery', 0, NULL),
  (6, 2, 'keys', 0, NULL),
  (7, 2, 'cover', 0, NULL),
  (8, 2, 'paddles', 0, NULL),
  (9, 2, 'life_jackets', 0, NULL),
  (10, 2, 'cushions', 0, NULL),
  (11, 2, 'gas_cans', 0, NULL),
  (12, 2, 'tie_ropes', 0, NULL),
  (13, 2, 'lights', 0, NULL),
  (14, 3, 'battery', 0, NULL),
  (15, 3, 'keys', 0, NULL),
  (16, 3, 'cover', 0, NULL),
  (17, 3, 'paddles', 0, NULL),
  (18, 3, 'life_jackets', 0, NULL),
  (19, 3, 'cushions', 0, NULL),
  (20, 3, 'gas_cans', 0, NULL),
  (21, 3, 'tie_ropes', 0, NULL),
  (22, 3, 'lights', 0, NULL),
  (23, 4, 'battery', 0, NULL),
  (24, 4, 'keys', 0, NULL),
  (25, 4, 'cover', 0, NULL),
  (26, 4, 'paddles', 0, NULL),
  (27, 4, 'life_jackets', 0, NULL),
  (28, 4, 'cushions', 0, NULL),
  (29, 4, 'gas_cans', 0, NULL),
  (30, 4, 'tie_ropes', 0, NULL),
  (31, 4, 'lights', 0, NULL),
  (32, 5, 'battery', 0, NULL),
  (33, 5, 'keys', 0, NULL),
  (34, 5, 'cover', 0, NULL),
  (35, 5, 'paddles', 0, NULL),
  (36, 5, 'life_jackets', 0, NULL),
  (37, 5, 'cushions', 0, NULL),
  (38, 5, 'gas_cans', 0, NULL),
  (39, 5, 'tie_ropes', 0, NULL),
  (40, 5, 'lights', 0, NULL),
  (41, 1, 'cushions', 0, NULL);

-- authorized_work (54 rows)
INSERT INTO `authorized_work` (`id`, `card_id`, `service_type`, `authorized`, `completed`, `notes`, `completed_by`, `completed_at`, `products_used`) VALUES
  (463, 2, 'ext_algae_wax', 0, 0, NULL, NULL, NULL, '[]'),
  (464, 2, 'ext_buff_polish', 0, 0, NULL, NULL, NULL, '[]'),
  (465, 2, 'ext_power_wash', 0, 0, NULL, NULL, NULL, '[]'),
  (466, 2, 'ext_quick_wipe', 0, 0, NULL, NULL, NULL, '[]'),
  (467, 2, 'int_power_wash', 0, 0, NULL, NULL, NULL, '[]'),
  (468, 2, 'int_quick_wipe', 0, 0, NULL, NULL, NULL, '[]'),
  (469, 2, 'int_spotless', 0, 0, NULL, NULL, NULL, '[]'),
  (470, 2, 'lower_unit_drain', 0, 0, NULL, NULL, NULL, '[]'),
  (471, 2, 'outdrive_service', 0, 0, NULL, NULL, NULL, '[]'),
  (473, 2, 'prop_rebuild', 0, 0, NULL, NULL, NULL, '[]'),
  (475, 2, 'tune_up', 0, 0, NULL, NULL, NULL, '[]'),
  (485, 4, 'oil_change', 0, 0, NULL, NULL, NULL, '[]'),
  (486, 4, 'outdrive_service', 0, 0, NULL, NULL, NULL, '[]'),
  (487, 4, 'tune_up', 0, 0, NULL, NULL, NULL, '[]'),
  (488, 4, 'lower_unit_drain', 0, 0, NULL, NULL, NULL, '[]'),
  (489, 4, 'prop_rebuild', 0, 0, NULL, NULL, NULL, '[]'),
  (492, 4, 'int_quick_wipe', 0, 0, NULL, NULL, NULL, '[]'),
  (493, 4, 'int_power_wash', 0, 0, NULL, NULL, NULL, '[]'),
  (494, 4, 'int_spotless', 0, 0, NULL, NULL, NULL, '[]'),
  (495, 4, 'ext_quick_wipe', 0, 0, NULL, NULL, NULL, '[]'),
  (496, 4, 'ext_power_wash', 0, 0, NULL, NULL, NULL, '[]'),
  (497, 4, 'ext_algae_wax', 0, 0, NULL, NULL, NULL, '[]'),
  (498, 4, 'ext_buff_polish', 0, 0, NULL, NULL, NULL, '[]'),
  (499, 5, 'oil_change', 0, 0, NULL, NULL, NULL, '[]'),
  (500, 5, 'outdrive_service', 0, 0, NULL, NULL, NULL, '[]'),
  (501, 5, 'tune_up', 0, 0, NULL, NULL, NULL, '[]'),
  (502, 5, 'lower_unit_drain', 0, 0, NULL, NULL, NULL, '[]'),
  (503, 5, 'prop_rebuild', 0, 0, NULL, NULL, NULL, '[]'),
  (506, 5, 'int_quick_wipe', 0, 0, NULL, NULL, NULL, '[]'),
  (507, 5, 'int_power_wash', 0, 0, NULL, NULL, NULL, '[]'),
  (508, 5, 'int_spotless', 0, 0, NULL, NULL, NULL, '[]'),
  (509, 5, 'ext_quick_wipe', 0, 0, NULL, NULL, NULL, '[]'),
  (510, 5, 'ext_power_wash', 0, 0, NULL, NULL, NULL, '[]'),
  (511, 5, 'ext_algae_wax', 0, 0, NULL, NULL, NULL, '[]'),
  (512, 5, 'ext_buff_polish', 0, 0, NULL, NULL, NULL, '[]'),
  (617, 3, 'ext_algae_wax', 0, 0, NULL, NULL, NULL, '[]'),
  (618, 3, 'ext_buff_polish', 0, 0, NULL, NULL, NULL, '[]'),
  (619, 3, 'ext_power_wash', 0, 0, NULL, NULL, NULL, '[]'),
  (620, 3, 'ext_quick_wipe', 0, 0, NULL, NULL, NULL, '[]'),
  (621, 3, 'int_power_wash', 0, 0, NULL, NULL, NULL, '[]'),
  (622, 3, 'int_quick_wipe', 0, 0, NULL, NULL, NULL, '[]'),
  (623, 3, 'int_spotless', 0, 0, NULL, NULL, NULL, '[]'),
  (624, 3, 'lower_unit_drain', 0, 0, NULL, NULL, NULL, '[]'),
  (625, 3, 'oil_change', 1, 0, NULL, NULL, NULL, '[{"description":"","quantity":1}]'),
  (626, 3, 'outdrive_service', 1, 0, NULL, NULL, NULL, '[{"description":"","quantity":1}]'),
  (628, 3, 'prop_rebuild', 0, 0, NULL, NULL, NULL, '[]'),
  (630, 3, 'tune_up', 0, 0, NULL, NULL, NULL, '[]'),
  (700, 1, 'blahblahblha', 1, 1, NULL, 1, '2026-06-16T09:50:01.392Z', '[{"description":"","quantity":1}]'),
  (701, 1, 'int_quick_wipe', 0, 0, NULL, NULL, NULL, '[{"description":"","quantity":1}]'),
  (702, 1, 'lower_unit_drain', 0, 1, NULL, 1, '2026-06-10T14:38:49.075Z', '[{"description":"","quantity":1}]'),
  (703, 1, 'oil_change', 1, 0, NULL, NULL, NULL, '[{"description":"","quantity":1}]'),
  (704, 1, 'outdrive_service', 0, 1, NULL, 1, '2026-06-10T14:38:28.851Z', '[{"description":"","quantity":1}]'),
  (706, 1, 'prop_rebuild', 0, 0, NULL, NULL, NULL, '[]'),
  (707, 1, 'tune_up', 0, 1, NULL, 1, '2026-06-10T14:38:47.274Z', '[{"description":"","quantity":1}]');

-- condition_assessment (24 rows)
INSERT INTO `condition_assessment` (`id`, `card_id`, `area`, `rating`, `notes`) VALUES
  (1, 2, 'top', NULL, NULL),
  (2, 2, 'hull', NULL, NULL),
  (3, 2, 'upholstery', NULL, NULL),
  (4, 2, 'motor', NULL, NULL),
  (5, 2, 'propeller', NULL, NULL),
  (6, 2, 'lower_unit', NULL, NULL),
  (7, 3, 'top', NULL, NULL),
  (8, 3, 'hull', NULL, NULL),
  (9, 3, 'upholstery', NULL, NULL),
  (10, 3, 'motor', NULL, NULL),
  (11, 3, 'propeller', NULL, NULL),
  (12, 3, 'lower_unit', NULL, NULL),
  (13, 4, 'top', NULL, NULL),
  (14, 4, 'hull', NULL, NULL),
  (15, 4, 'upholstery', NULL, NULL),
  (16, 4, 'motor', NULL, NULL),
  (17, 4, 'propeller', NULL, NULL),
  (18, 4, 'lower_unit', NULL, NULL),
  (19, 5, 'top', NULL, NULL),
  (20, 5, 'hull', NULL, NULL),
  (21, 5, 'upholstery', NULL, NULL),
  (22, 5, 'motor', NULL, NULL),
  (23, 5, 'propeller', NULL, NULL),
  (24, 5, 'lower_unit', NULL, NULL);

-- checklist_completions (5 rows)
INSERT INTO `checklist_completions` (`id`, `card_id`, `checklist_type`, `employee_id`, `items_json`, `completed_at`, `updated_at`) VALUES
  (1, 1, 'spring', 1, '{"safety_check":{"rating":""},"unwrap":{"rating":"good"},"hull_inspect":{"rating":"bad"}}', NULL, '2026-06-10 14:41:33'),
  (2, 1, 'fall', 1, '{"oil_check_engine":{"rating":"fair"},"oil_change_engine":{"rating":"bad"},"drain_engine":{"rating":""}}', NULL, '2026-06-10 14:38:19'),
  (3, 2, 'storage', 1, '{"wrap":false}', NULL, '2026-06-16 09:51:13'),
  (4, 3, 'storage', 1, '{"wrap":true}', '2026-06-16T10:32:21.022Z', '2026-06-16 10:32:21'),
  (5, 1, 'storage', 1, '{"wrap":true}', '2026-06-16T11:53:48.546Z', '2026-06-16 11:53:48');

-- status_history (183 rows)
INSERT INTO `status_history` (`id`, `card_id`, `from_status`, `to_status`, `employee_id`, `note`, `changed_at`) VALUES
  (1, 1, 'intake', 'authorized', 1, NULL, '2026-06-03 12:51:16'),
  (2, 1, 'authorized', 'intake', 1, NULL, '2026-06-03 12:51:17'),
  (3, 1, 'intake', 'authorized', 1, NULL, '2026-06-03 12:51:18'),
  (4, 1, 'authorized', 'fall_checklist', 1, NULL, '2026-06-03 12:51:18'),
  (5, 1, 'fall_checklist', 'authorized', 1, NULL, '2026-06-03 12:51:19'),
  (6, 1, 'authorized', 'intake', 1, NULL, '2026-06-03 12:51:22'),
  (7, 1, 'intake', 'authorized', 1, NULL, '2026-06-03 12:51:23'),
  (8, 1, 'authorized', 'fall_checklist', 1, NULL, '2026-06-03 12:53:25'),
  (9, 1, 'fall_checklist', 'storage', 1, NULL, '2026-06-03 12:53:27'),
  (10, 1, 'storage', 'service', 1, NULL, '2026-06-03 12:53:27'),
  (11, 1, 'service', 'storage', 1, NULL, '2026-06-03 12:53:29'),
  (12, 1, 'storage', 'service', 1, NULL, '2026-06-03 12:53:30'),
  (13, 1, 'service', 'storage', 1, NULL, '2026-06-03 12:54:57'),
  (14, 1, 'storage', 'fall_checklist', 1, NULL, '2026-06-03 12:55:03'),
  (15, 1, 'fall_checklist', 'storage', 1, NULL, '2026-06-03 12:55:03'),
  (16, 1, 'storage', 'service', 1, NULL, '2026-06-03 12:55:04'),
  (17, 1, 'service', 'cleaning', 1, NULL, '2026-06-03 12:55:04'),
  (18, 1, 'cleaning', 'spring_checklist', 1, NULL, '2026-06-03 12:55:05'),
  (19, 1, 'spring_checklist', 'ready', 1, NULL, '2026-06-03 12:55:05'),
  (20, 1, 'ready', 'invoiced', 1, NULL, '2026-06-03 12:55:06'),
  (21, 1, 'invoiced', 'archived', 1, NULL, '2026-06-03 12:55:08'),
  (22, 1, 'archived', 'invoiced', 1, NULL, '2026-06-03 12:55:09'),
  (23, 1, 'invoiced', 'ready', 1, NULL, '2026-06-03 12:55:10'),
  (24, 1, 'ready', 'spring_checklist', 1, NULL, '2026-06-03 12:55:11'),
  (25, 1, 'spring_checklist', 'cleaning', 1, NULL, '2026-06-03 12:55:11'),
  (26, 1, 'cleaning', 'service', 1, NULL, '2026-06-03 12:55:11'),
  (27, 1, 'service', 'storage', 1, NULL, '2026-06-03 12:55:12'),
  (28, 1, 'storage', 'fall_checklist', 1, NULL, '2026-06-03 12:55:12'),
  (29, 1, 'fall_checklist', 'authorized', 1, NULL, '2026-06-03 12:55:12'),
  (30, 1, 'authorized', 'intake', 1, NULL, '2026-06-03 12:55:12'),
  (31, 1, 'intake', 'authorized', 1, NULL, '2026-06-03 12:55:13'),
  (32, 1, 'authorized', 'intake', 1, NULL, '2026-06-03 12:55:14'),
  (33, 1, 'intake', 'authorized', 1, NULL, '2026-06-03 12:55:16'),
  (34, 1, 'authorized', 'fall_checklist', 1, NULL, '2026-06-03 12:55:18'),
  (35, 1, 'fall_checklist', 'storage', 1, NULL, '2026-06-03 12:55:28'),
  (36, 1, 'storage', 'service', 1, NULL, '2026-06-03 12:55:28'),
  (37, 1, 'service', 'cleaning', 1, NULL, '2026-06-03 12:55:29'),
  (38, 1, 'cleaning', 'service', 1, NULL, '2026-06-03 12:55:30'),
  (39, 1, 'service', 'storage', 1, NULL, '2026-06-03 12:55:56'),
  (40, 1, 'storage', 'service', 1, NULL, '2026-06-03 12:56:06'),
  (41, 1, 'service', 'intake', 1, NULL, '2026-06-07 10:07:45'),
  (42, 1, 'intake', 'fall_checklist', 1, NULL, '2026-06-07 10:07:46'),
  (43, 1, 'fall_checklist', 'intake', 1, NULL, '2026-06-07 10:07:47'),
  (44, 1, 'intake', 'fall_checklist', 1, NULL, '2026-06-07 10:07:49'),
  (45, 1, 'fall_checklist', 'storage', 1, NULL, '2026-06-07 10:07:49'),
  (46, 1, 'storage', 'spring_checklist', 1, NULL, '2026-06-07 10:07:50'),
  (47, 1, 'spring_checklist', 'ready', 1, NULL, '2026-06-07 10:07:51'),
  (48, 1, 'ready', 'invoiced', 1, NULL, '2026-06-07 10:07:51'),
  (49, 1, 'invoiced', 'ready', 1, NULL, '2026-06-07 10:07:52'),
  (50, 1, 'ready', 'spring_checklist', 1, NULL, '2026-06-07 10:07:53'),
  (51, 1, 'spring_checklist', 'storage', 1, NULL, '2026-06-07 10:07:53'),
  (52, 1, 'storage', 'fall_checklist', 1, NULL, '2026-06-07 10:07:53'),
  (53, 1, 'fall_checklist', 'intake', 1, NULL, '2026-06-07 10:07:53'),
  (54, 1, 'intake', 'fall_checklist', 1, NULL, '2026-06-07 10:07:53'),
  (55, 1, 'fall_checklist', 'intake', 1, NULL, '2026-06-07 10:07:55'),
  (56, 1, 'intake', 'fall_checklist', 1, NULL, '2026-06-07 10:07:55'),
  (57, 1, 'fall_checklist', 'intake', 1, NULL, '2026-06-07 10:07:55'),
  (58, 1, 'intake', 'fall_checklist', 1, NULL, '2026-06-07 10:07:55'),
  (59, 1, 'fall_checklist', 'intake', 1, NULL, '2026-06-07 10:07:55'),
  (60, 1, 'intake', 'fall_checklist', 1, NULL, '2026-06-10 13:37:50'),
  (61, 1, 'fall_checklist', 'storage', 1, NULL, '2026-06-10 13:37:52'),
  (62, 1, 'storage', 'spring_checklist', 1, NULL, '2026-06-10 13:37:53'),
  (63, 1, 'spring_checklist', 'ready', 1, NULL, '2026-06-10 13:38:02'),
  (64, 1, 'ready', 'invoiced', 1, NULL, '2026-06-10 13:38:03'),
  (65, 1, 'invoiced', 'ready', 1, NULL, '2026-06-10 13:38:04'),
  (66, 1, 'ready', 'spring_checklist', 1, NULL, '2026-06-10 13:38:05'),
  (67, 1, 'spring_checklist', 'storage', 1, NULL, '2026-06-10 13:56:52'),
  (68, 1, 'storage', 'fall_checklist', 1, NULL, '2026-06-10 13:56:53'),
  (69, 1, 'fall_checklist', 'intake', 1, NULL, '2026-06-10 13:56:53'),
  (70, 1, 'intake', 'fall_checklist', 1, NULL, '2026-06-10 13:56:55'),
  (71, 1, 'fall_checklist', 'storage', 1, NULL, '2026-06-10 13:57:51'),
  (72, 1, 'storage', 'spring_checklist', 1, NULL, '2026-06-10 13:57:54'),
  (73, 1, 'spring_checklist', 'ready', 1, NULL, '2026-06-10 13:57:56'),
  (74, 1, 'ready', 'spring_checklist', 1, NULL, '2026-06-10 13:58:59'),
  (75, 1, 'spring_checklist', 'invoiced', 1, NULL, '2026-06-10 13:58:59'),
  (76, 1, 'invoiced', 'storage', 1, NULL, '2026-06-10 14:00:22'),
  (77, 1, 'storage', 'spring_checklist', 1, NULL, '2026-06-10 14:00:23'),
  (78, 1, 'spring_checklist', 'invoiced', 1, NULL, '2026-06-10 14:08:00'),
  (79, 1, 'invoiced', 'spring_checklist', 1, NULL, '2026-06-10 14:08:01'),
  (80, 1, 'spring_checklist', 'intake', 1, NULL, '2026-06-10 14:08:36'),
  (81, 1, 'intake', 'fall_checklist', 1, NULL, '2026-06-10 14:09:59'),
  (82, 1, 'fall_checklist', 'intake', 1, NULL, '2026-06-10 14:12:42'),
  (83, 1, 'intake', 'fall_checklist', 1, NULL, '2026-06-10 14:12:56'),
  (84, 1, 'fall_checklist', 'storage', 1, NULL, '2026-06-10 14:12:57'),
  (85, 1, 'storage', 'service', 1, NULL, '2026-06-10 14:12:57'),
  (86, 1, 'service', 'spring_checklist', 1, NULL, '2026-06-10 14:12:58'),
  (87, 1, 'spring_checklist', 'cleaning', 1, NULL, '2026-06-10 14:12:59'),
  (88, 1, 'cleaning', 'intake', 1, NULL, '2026-06-10 14:12:59'),
  (89, 1, 'intake', 'invoiced', 1, NULL, '2026-06-10 14:13:00'),
  (90, 1, 'invoiced', 'fall_checklist', 1, NULL, '2026-06-10 14:13:00'),
  (91, 1, 'fall_checklist', 'intake', 1, NULL, '2026-06-10 14:13:01'),
  (92, 1, 'intake', 'storage', 1, NULL, '2026-06-10 14:13:01'),
  (93, 1, 'storage', 'service', 1, NULL, '2026-06-10 14:13:03'),
  (94, 1, 'service', 'cleaning', 1, NULL, '2026-06-10 14:41:35'),
  (95, 1, 'cleaning', 'spring_checklist', 1, NULL, '2026-06-10 14:41:39'),
  (96, 1, 'spring_checklist', 'ready', 1, NULL, '2026-06-10 14:41:41'),
  (97, 1, 'ready', 'invoiced', 1, NULL, '2026-06-10 14:41:44'),
  (98, 1, 'invoiced', 'archived', 1, NULL, '2026-06-10 14:41:45'),
  (99, 1, 'archived', 'invoiced', 1, NULL, '2026-06-10 14:41:46'),
  (100, 1, 'invoiced', 'ready', 1, NULL, '2026-06-10 14:41:52'),
  (101, 1, 'ready', 'invoiced', 1, NULL, '2026-06-10 14:41:52'),
  (102, 1, 'invoiced', 'intake', 1, NULL, '2026-06-10 14:44:25'),
  (103, 1, 'intake', 'fall_checklist', 1, NULL, '2026-06-10 14:45:38'),
  (104, 1, 'fall_checklist', 'storage', 1, NULL, '2026-06-10 14:45:38'),
  (105, 1, 'storage', 'service', 1, NULL, '2026-06-10 14:45:39'),
  (106, 1, 'service', 'cleaning', 1, NULL, '2026-06-10 14:45:39'),
  (107, 1, 'cleaning', 'spring_checklist', 1, NULL, '2026-06-10 14:45:40'),
  (108, 1, 'spring_checklist', 'ready', 1, NULL, '2026-06-10 14:50:52'),
  (109, 1, 'ready', 'spring_checklist', 1, NULL, '2026-06-10 14:50:54'),
  (110, 1, 'spring_checklist', 'ready', 1, NULL, '2026-06-10 14:50:56'),
  (111, 1, 'ready', 'spring_checklist', 1, NULL, '2026-06-10 14:50:57'),
  (112, 1, 'spring_checklist', 'cleaning', 1, NULL, '2026-06-10 14:50:57'),
  (113, 1, 'cleaning', 'service', 1, NULL, '2026-06-10 14:50:57'),
  (114, 1, 'service', 'cleaning', 1, NULL, '2026-06-10 14:50:58'),
  (115, 1, 'cleaning', 'service', 1, NULL, '2026-06-10 14:50:58'),
  (116, 1, 'service', 'storage', 1, NULL, '2026-06-10 14:51:41'),
  (117, 1, 'storage', 'service', 1, NULL, '2026-06-10 14:51:42'),
  (118, 1, 'service', 'cleaning', 1, NULL, '2026-06-10 14:51:42'),
  (119, 2, NULL, 'intake', 1, NULL, '2026-06-12 12:17:40'),
  (120, 3, NULL, 'intake', 1, NULL, '2026-06-12 12:17:55'),
  (121, 3, 'intake', 'service', 1, NULL, '2026-06-16 09:43:18'),
  (122, 3, 'service', 'cleaning', 1, NULL, '2026-06-16 09:43:19'),
  (123, 3, 'cleaning', 'service', 1, NULL, '2026-06-16 09:43:19'),
  (124, 3, 'service', 'storage', 1, NULL, '2026-06-16 09:43:20'),
  (125, 3, 'storage', 'service', 1, NULL, '2026-06-16 09:43:24'),
  (126, 3, 'service', 'cleaning', 1, NULL, '2026-06-16 09:43:37'),
  (127, 2, 'intake', 'service', 1, NULL, '2026-06-16 09:43:46'),
  (128, 2, 'service', 'cleaning', 1, NULL, '2026-06-16 09:43:59'),
  (129, 2, 'cleaning', 'spring_checklist', 1, NULL, '2026-06-16 09:44:00'),
  (130, 2, 'spring_checklist', 'service', 1, NULL, '2026-06-16 09:44:22'),
  (131, 1, 'cleaning', 'invoiced', 1, NULL, '2026-06-16 09:46:44'),
  (132, 1, 'invoiced', 'ready', 1, NULL, '2026-06-16 09:46:45'),
  (133, 1, 'ready', 'spring_checklist', 1, NULL, '2026-06-16 09:48:20'),
  (134, 1, 'spring_checklist', 'cleaning', 1, NULL, '2026-06-16 09:48:22'),
  (135, 1, 'cleaning', 'spring_checklist', 1, NULL, '2026-06-16 09:48:53'),
  (136, 1, 'spring_checklist', 'service', 1, NULL, '2026-06-16 09:49:00'),
  (137, 2, 'service', 'fall_checklist', 1, NULL, '2026-06-16 09:50:40'),
  (138, 2, 'fall_checklist', 'intake', 1, NULL, '2026-06-16 09:50:41'),
  (139, 2, 'intake', 'fall_checklist', 1, NULL, '2026-06-16 09:50:54'),
  (140, 2, 'fall_checklist', 'storage', 1, NULL, '2026-06-16 09:51:08'),
  (141, 2, 'storage', 'service', 1, NULL, '2026-06-16 09:51:49'),
  (142, 2, 'service', 'storage', 1, NULL, '2026-06-16 09:51:52'),
  (143, 2, 'storage', 'service', 1, NULL, '2026-06-16 10:30:27'),
  (144, 2, 'service', 'cleaning', 1, NULL, '2026-06-16 10:30:35'),
  (145, 1, 'service', 'cleaning', 1, NULL, '2026-06-16 10:30:41'),
  (146, 1, 'cleaning', 'service', 1, NULL, '2026-06-16 10:30:43'),
  (147, 2, 'cleaning', 'service', 1, NULL, '2026-06-16 10:30:52'),
  (148, 3, 'cleaning', 'service', 1, NULL, '2026-06-16 10:30:59'),
  (149, 3, 'service', 'cleaning', 1, NULL, '2026-06-16 10:31:04'),
  (150, 3, 'cleaning', 'service', 1, NULL, '2026-06-16 10:31:05'),
  (151, 3, 'service', 'cleaning', 1, NULL, '2026-06-16 10:31:58'),
  (152, 3, 'cleaning', 'service', 1, NULL, '2026-06-16 10:31:59'),
  (153, 3, 'service', 'storage', 1, NULL, '2026-06-16 10:32:00'),
  (154, 4, NULL, 'intake', 1, NULL, '2026-06-16 10:36:13'),
  (155, 5, NULL, 'intake', 1, NULL, '2026-06-16 10:36:23'),
  (156, 3, 'storage', 'fall_checklist', 1, NULL, '2026-06-16 11:16:33'),
  (157, 3, 'fall_checklist', 'storage', 1, NULL, '2026-06-16 11:16:34'),
  (158, 3, 'storage', 'service', 1, NULL, '2026-06-16 11:16:36'),
  (159, 3, 'service', 'cleaning', 1, NULL, '2026-06-16 11:16:36'),
  (160, 3, 'cleaning', 'service', 1, NULL, '2026-06-16 11:27:27'),
  (161, 3, 'service', 'spring_checklist', 1, NULL, '2026-06-16 11:27:31'),
  (162, 3, 'spring_checklist', 'ready', 1, NULL, '2026-06-16 11:27:32'),
  (163, 3, 'ready', 'invoiced', 1, NULL, '2026-06-16 11:27:34'),
  (164, 3, 'invoiced', 'ready', 1, NULL, '2026-06-16 11:27:35'),
  (165, 3, 'ready', 'spring_checklist', 1, NULL, '2026-06-16 11:27:35'),
  (166, 3, 'spring_checklist', 'cleaning', 1, NULL, '2026-06-16 11:27:36'),
  (167, 3, 'cleaning', 'service', 1, NULL, '2026-06-16 11:27:37'),
  (168, 3, 'service', 'storage', 1, NULL, '2026-06-16 11:27:38'),
  (169, 3, 'storage', 'service', 1, NULL, '2026-06-16 11:27:57'),
  (170, 1, 'service', 'ready', 1, NULL, '2026-06-16 11:33:17'),
  (171, 1, 'ready', 'intake', 1, NULL, '2026-06-16 11:33:19'),
  (172, 1, 'intake', 'fall_checklist', 1, NULL, '2026-06-16 11:33:20'),
  (173, 1, 'fall_checklist', 'storage', 1, NULL, '2026-06-16 11:33:36'),
  (174, 1, 'storage', 'service', 1, NULL, '2026-06-16 11:33:37'),
  (175, 1, 'service', 'cleaning', 1, NULL, '2026-06-16 11:33:59'),
  (176, 1, 'cleaning', 'storage', 1, NULL, '2026-06-16 11:34:00'),
  (177, 1, 'storage', 'service', 1, NULL, '2026-06-16 11:38:26'),
  (178, 1, 'service', 'storage', 1, NULL, '2026-06-16 11:46:08'),
  (179, 1, 'storage', 'fall_checklist', 1, NULL, '2026-06-16 11:53:59'),
  (180, 1, 'fall_checklist', 'storage', 1, NULL, '2026-06-16 11:54:00'),
  (181, 1, 'storage', 'service', 1, NULL, '2026-06-16 11:54:00'),
  (182, 1, 'service', 'storage', 1, NULL, '2026-06-16 18:54:34'),
  (183, 3, 'service', 'storage', 1, NULL, '2026-06-16 18:54:45');

-- service_item_templates (12 rows)
INSERT INTO `service_item_templates` (`id`, `item_key`, `label`, `category`, `cleaning_cat`, `sort_order`, `active`, `created_at`, `unit_price`) VALUES
  (1, 'oil_change', 'Oil & Filter', 'service', NULL, 1, 1, '2026-06-12 12:16:30', 0),
  (2, 'outdrive_service', 'Outdrive Svc', 'service', NULL, 2, 1, '2026-06-12 12:16:30', 0),
  (3, 'tune_up', 'Tune-Up', 'service', NULL, 3, 1, '2026-06-12 12:16:30', 0),
  (4, 'lower_unit_drain', 'Lower Unit', 'service', NULL, 4, 1, '2026-06-12 12:16:30', 0),
  (5, 'prop_rebuild', 'Prop Rebuild', 'service', NULL, 5, 1, '2026-06-12 12:16:30', 0),
  (8, 'int_quick_wipe', 'Quick Wipe', 'cleaning', 'Interior', 8, 1, '2026-06-12 12:16:30', 0),
  (9, 'int_power_wash', 'Power Wash', 'cleaning', 'Interior', 9, 1, '2026-06-12 12:16:30', 0),
  (10, 'int_spotless', 'Make It Shiny & Spotless', 'cleaning', 'Interior', 10, 1, '2026-06-12 12:16:30', 0),
  (11, 'ext_quick_wipe', 'Quick Wipe', 'cleaning', 'Exterior', 11, 1, '2026-06-12 12:16:30', 0),
  (12, 'ext_power_wash', 'Power Wash', 'cleaning', 'Exterior', 12, 1, '2026-06-12 12:16:30', 0),
  (13, 'ext_algae_wax', 'Algae Strip & Wax', 'cleaning', 'Exterior', 13, 1, '2026-06-12 12:16:30', 0),
  (14, 'ext_buff_polish', 'Buff / Polish', 'cleaning', 'Exterior', 14, 1, '2026-06-12 12:16:30', 0);

SET FOREIGN_KEY_CHECKS = 1;
